{
    "very low":{
        "delta":0.0000000001,
        "n_bins":5,
        "bin_upper_edges":[
            0.0800000001,
            0.15,
            0.23,
            0.3100000001,
            1.1
        ],
        "mean_pred_values":[
            7.6275303636,
            12.7017543848,
            19.0229419684,
            30.6933911129,
            55.9317443064
        ],
        "num_calibration_examples_in_bin":[
            [
                285.0
            ],
            [
                285.0
            ],
            [
                285.0
            ],
            [
                284.0
            ],
            [
                284.0
            ]
        ],
        "fitted":true
    },
    "low":{
        "delta":0.0000000001,
        "n_bins":5,
        "bin_upper_edges":[
            0.2300000001,
            0.3100000001,
            0.46,
            0.54,
            1.1
        ],
        "mean_pred_values":[
            16.6488294298,
            27.324414713,
            41.016722404,
            56.3076923021,
            73.2508361132
        ],
        "num_calibration_examples_in_bin":[
            [
                230.0
            ],
            [
                230.0
            ],
            [
                230.0
            ],
            [
                230.0
            ],
            [
                230.0
            ]
        ],
        "fitted":true
    },
    "high":{
        "delta":0.0000000001,
        "n_bins":5,
        "bin_upper_edges":[
            0.38,
            0.54,
            0.62,
            0.69,
            1.1
        ],
        "mean_pred_values":[
            24.3058161327,
            39.6763602212,
            55.6292636972,
            68.3745001108,
            81.9430722102
        ],
        "num_calibration_examples_in_bin":[
            [
                328.0
            ],
            [
                328.0
            ],
            [
                327.0
            ],
            [
                327.0
            ],
            [
                327.0
            ]
        ],
        "fitted":true
    },
    "very high":{
        "delta":0.0000000001,
        "n_bins":5,
        "bin_upper_edges":[
            0.54,
            0.69,
            0.8499999999,
            0.9199999999,
            1.1
        ],
        "mean_pred_values":[
            28.7646835894,
            57.9651383042,
            76.3660477377,
            85.7749147319,
            92.2773777855
        ],
        "num_calibration_examples_in_bin":[
            [
                406.0
            ],
            [
                406.0
            ],
            [
                406.0
            ],
            [
                406.0
            ],
            [
                406.0
            ]
        ],
        "fitted":true
    }
}